https://www.eucompartilho.com/Bullon/Prog001.mp3	Alejandro Bullón	O segredo do poder de Jesus
https://www.eucompartilho.com/Bullon/Prog002.mp3	Alejandro Bullón	A entrega de Jesus
https://www.eucompartilho.com/Bullon/Prog003.mp3	Alejandro Bullón	A promessa extraordinária
https://www.eucompartilho.com/Bullon/Prog004.mp3	Alejandro Bullón	O segredo da morte (Lázaro)
https://www.eucompartilho.com/Bullon/Prog005.mp3	Alejandro Bullón	A conversão de Paulo (I)
https://www.eucompartilho.com/Bullon/Prog006.mp3	Alejandro Bullón	A glória que ilumina a Terra
https://www.eucompartilho.com/Bullon/Prog007.mp3	Alejandro Bullón	A conversão de Paulo (II)
https://www.eucompartilho.com/Bullon/Prog008.mp3	Alejandro Bullón	A parábola do semeador
https://www.eucompartilho.com/Bullon/Prog009.mp3	Alejandro Bullón	A luz da Palavra de Deus
https://www.eucompartilho.com/Bullon/Prog010.mp3	Alejandro Bullón	Refúgio e fortaleza
https://www.eucompartilho.com/Bullon/Prog011.mp3	Alejandro Bullón	Crescendo no Reino de Deus
https://www.eucompartilho.com/Bullon/Prog012.mp3	Alejandro Bullón	Crescendo em Deus
https://www.eucompartilho.com/Bullon/Prog013.mp3	Alejandro Bullón	Tirai a pedra!
https://www.eucompartilho.com/Bullon/Prog014.mp3	Alejandro Bullón	Produzindo frutos em Jesus
https://www.eucompartilho.com/Bullon/Prog015.mp3	Alejandro Bullón	Conhecimento do Evangelho
https://www.eucompartilho.com/Bullon/Prog016.mp3	Alejandro Bullón	O Verbo se fez Carne
https://www.eucompartilho.com/Bullon/Prog017.mp3	Alejandro Bullón	Aceitando o chamado
https://www.eucompartilho.com/Bullon/Prog018.mp3	Alejandro Bullón	A mulher sírio-fenícia
https://www.eucompartilho.com/Bullon/Prog019.mp3	Alejandro Bullón	Casamento em Caná
https://www.eucompartilho.com/Bullon/Prog020.mp3	Alejandro Bullón	No tanque de Betesda
https://www.eucompartilho.com/Bullon/Prog021.mp3	Alejandro Bullón	Pedro e Jesus na praia
https://www.eucompartilho.com/Bullon/Prog022.mp3	Alejandro Bullón	Pedro e Jesus na praia
https://www.eucompartilho.com/Bullon/Prog023.mp3	Alejandro Bullón	Genealogia de Jesus
https://www.eucompartilho.com/Bullon/Prog024.mp3	Alejandro Bullón	Conversão (Falcão Alegre)
https://www.eucompartilho.com/Bullon/Prog025.mp3	Alejandro Bullón	Perdidos e Achados
https://www.eucompartilho.com/Bullon/Prog026.mp3	Alejandro Bullón	Separação devido ao pecado
https://www.eucompartilho.com/Bullon/Prog027.mp3	Alejandro Bullón	Tenho sede!
https://www.eucompartilho.com/Bullon/Prog028.mp3	Alejandro Bullón	Volta de Jesus. Quando?
https://www.eucompartilho.com/Bullon/Prog029.mp3	Alejandro Bullón	Está consumado!
https://www.eucompartilho.com/Bullon/Prog030.mp3	Alejandro Bullón	Perdido dentro da Igreja
https://www.eucompartilho.com/Bullon/Prog031.mp3	Alejandro Bullón	Poderia não amá-Lo?
https://www.eucompartilho.com/Bullon/Prog032.mp3	Alejandro Bullón	Milagres não se explicam
https://www.eucompartilho.com/Bullon/Prog033.mp3	Alejandro Bullón	Convivendo com um lobo
https://www.eucompartilho.com/Bullon/Prog034.mp3	Alejandro Bullón	É possível ser perfeito?
https://www.eucompartilho.com/Bullon/Prog035.mp3	Alejandro Bullón	Que farei para ser salvo?
https://www.eucompartilho.com/Bullon/Prog036.mp3	Alejandro Bullón	Por que ser submisso a Deus?
https://www.eucompartilho.com/Bullon/Prog037.mp3	Alejandro Bullón	O Filho Pródigo
https://www.eucompartilho.com/Bullon/Prog038.mp3	Alejandro Bullón	Apocalipse (parte I)
https://www.eucompartilho.com/Bullon/Prog039.mp3	Alejandro Bullón	Apocalipse (parte II)
https://www.eucompartilho.com/Bullon/Prog040.mp3	Alejandro Bullón	Apocalipse (parte III)
https://www.eucompartilho.com/Bullon/Prog041.mp3	Alejandro Bullón	A trajetória de Israel (1)
https://www.eucompartilho.com/Bullon/Prog042.mp3	Alejandro Bullón	A trajetória de Israel (2)
https://www.eucompartilho.com/Bullon/Prog043.mp3	Alejandro Bullón	A trajetória de Israel (3)
https://www.eucompartilho.com/Bullon/Prog044.mp3	Alejandro Bullón	A trajetória de Israel (4)
https://www.eucompartilho.com/Bullon/Prog045.mp3	Alejandro Bullón	A trajetória de Israel (5)
https://www.eucompartilho.com/Bullon/Prog046.mp3	Alejandro Bullón	A trajetória de Israel (6)
https://www.eucompartilho.com/Bullon/Prog047.mp3	Alejandro Bullón	A trajetória de Israel (7)
https://www.eucompartilho.com/Bullon/Prog048.mp3	Alejandro Bullón	A ação do diabo na Terra
https://www.eucompartilho.com/Bullon/Prog049.mp3	Alejandro Bullón	O grande conflito na Terra
https://www.eucompartilho.com/Bullon/Prog050.mp3	Alejandro Bullón	Nova Terra
https://www.eucompartilho.com/Bullon/Prog051.mp3	Alejandro Bullón	Felipe e o eunuco
https://www.eucompartilho.com/Bullon/Prog052.mp3	Alejandro Bullón	A saída de Abrão de Ur
https://www.eucompartilho.com/Bullon/Prog053.mp3	Alejandro Bullón	Abrão no Egito
https://www.eucompartilho.com/Bullon/Prog054.mp3	Alejandro Bullón	O dono da vinha
https://www.eucompartilho.com/Bullon/Prog055.mp3	Alejandro Bullón	Talentos
https://www.eucompartilho.com/Bullon/Prog056.mp3	Alejandro Bullón	Pedro é interrogado
https://www.eucompartilho.com/Bullon/Prog057.mp3	Alejandro Bullón	O semeador
https://www.eucompartilho.com/Bullon/Prog058.mp3	Alejandro Bullón	A torre de Babel
https://www.eucompartilho.com/Bullon/Prog059.mp3	Alejandro Bullón	A esperança do cristão
https://www.eucompartilho.com/Bullon/Prog060.mp3	Alejandro Bullón	Comunhão ininterrupta
https://www.eucompartilho.com/Bullon/Prog061.mp3	Alejandro Bullón	O que é pecado?
https://www.eucompartilho.com/Bullon/Prog062.mp3	Alejandro Bullón	Jesus é a esperança na dor
https://www.eucompartilho.com/Bullon/Prog063.mp3	Alejandro Bullón	A única saída
https://www.eucompartilho.com/Bullon/Prog064.mp3	Alejandro Bullón	O último engano de satanás
https://www.eucompartilho.com/Bullon/Prog065.mp3	Alejandro Bullón	Calebe e Josué
https://www.eucompartilho.com/Bullon/Prog066.mp3	Alejandro Bullón	O sedutor do Apocalipse
https://www.eucompartilho.com/Bullon/Prog067.mp3	Alejandro Bullón	A cura de um coxo
https://www.eucompartilho.com/Bullon/Prog068.mp3	Alejandro Bullón	A resposta de Deus
https://www.eucompartilho.com/Bullon/Prog069.mp3	Alejandro Bullón	Do Sinai ao Calvário
https://www.eucompartilho.com/Bullon/Prog070.mp3	Alejandro Bullón	A viúva de Naim
https://www.eucompartilho.com/Bullon/Prog071.mp3	Alejandro Bullón	A crucifixão
https://www.eucompartilho.com/Bullon/Prog072.mp3	Alejandro Bullón	Voltarei
https://www.eucompartilho.com/Bullon/Prog073.mp3	Alejandro Bullón	Pedro é interrogado
https://www.eucompartilho.com/Bullon/Prog074.mp3	Alejandro Bullón	O encontro de Saulo (I)
https://www.eucompartilho.com/Bullon/Prog075.mp3	Alejandro Bullón	O encontro de Saulo (II)
https://www.eucompartilho.com/Bullon/Prog076.mp3	Alejandro Bullón	A ressurreição de Lázaro
https://www.eucompartilho.com/Bullon/Prog077.mp3	Alejandro Bullón	O jovem rico
https://www.eucompartilho.com/Bullon/Prog078.mp3	Alejandro Bullón	Quando Deus diz não
https://www.eucompartilho.com/Bullon/Prog079.mp3	Alejandro Bullón	Os sofrimentos do Messias
https://www.eucompartilho.com/Bullon/Prog080.mp3	Alejandro Bullón	Perfeição impossível?
https://www.eucompartilho.com/Bullon/Prog081.mp3	Alejandro Bullón	Bem-aventuranças (I)
https://www.eucompartilho.com/Bullon/Prog082.mp3	Alejandro Bullón	Bem-aventuranças (II)
https://www.eucompartilho.com/Bullon/Prog083.mp3	Alejandro Bullón	Bem-aventuranças (III)
https://www.eucompartilho.com/Bullon/Prog084.mp3	Alejandro Bullón	Bem-aventuranças (IV)
https://www.eucompartilho.com/Bullon/Prog085.mp3	Alejandro Bullón	Bem-aventuranças (V)
https://www.eucompartilho.com/Bullon/Prog086.mp3	Alejandro Bullón	Bem-aventuranças (VI)
https://www.eucompartilho.com/Bullon/Prog087.mp3	Alejandro Bullón	Bem-aventuranças (VII)
https://www.eucompartilho.com/Bullon/Prog088.mp3	Alejandro Bullón	Encontros de Jesus (I)
https://www.eucompartilho.com/Bullon/Prog089.mp3	Alejandro Bullón	Encontros de Jesus (II)
https://www.eucompartilho.com/Bullon/Prog090.mp3	Alejandro Bullón	Encontros de Jesus (III)
https://www.eucompartilho.com/Bullon/Prog091.mp3	Alejandro Bullón	Encontros de Jesus (IV)
https://www.eucompartilho.com/Bullon/Prog092.mp3	Alejandro Bullón	Ele voltará!
